year,yearName,fu
1,1985,0
2,1986,0
3,1987,0
4,1988,0
5,1989,0
6,1990,0
7,1991,0
8,1992,0
9,1993,0
10,1994,0
11,1995,0
12,1996,0
13,1997,0
14,1998,0
15,1999,0
16,2000,0
17,2001,0
18,2002,0
19,2003,0
20,2004,0
21,2005,0
22,2006,0
23,2007,0
24,2008,0
25,2009,0
26,2010,0
27,2011,0
28,2012,0
29,2013,0
30,2014,0
31,2015,0
32,2016,0
33,2017,0
34,2018,0
35,2019,0
36,2020,0
37,2021,0
38,2022,0
39,2023,0
40,2024,0
41,2025,0
